category,X,Y,Z,category,X,Y,Z,category,X,Y,Z,timestamp
0.0,39.0,249.0,119.33333333333333,1.0,16576.5,206.75,404.75,2.0,2069.0,24.0,48.25,1733764556
0.0,40.27906976744186,249.2325581395349,117.69767441860465,1.0,16563.190476190477,198.5,393.85714285714283,2.0,2070.6428571428573,24.642857142857142,47.95238095238095,1733764557
0.0,43.24242424242424,249.5151515151515,120.60606060606061,1.0,16569.647058823528,200.02941176470588,374.5882352941176,2.0,2070.264705882353,24.735294117647058,46.05882352941177,1733764558
0.0,44.96774193548387,252.1290322580645,121.16129032258064,1.0,16565.74193548387,198.51612903225808,361.0,2.0,2070.2903225806454,24.806451612903224,44.54838709677419,1733764559
0.0,46.4054054054054,245.27027027027026,117.67567567567568,1.0,16571.27027027027,198.56756756756758,355.2432432432432,2.0,2070.810810810811,23.972972972972972,43.567567567567565,1733764560
0.0,47.26470588235294,248.41176470588235,119.41176470588235,1.0,16570.117647058825,200.2058823529412,338.38235294117646,2.0,2071.1470588235293,24.147058823529413,41.088235294117645,1733764561
0.0,42.0,248.19230769230768,116.6923076923077,1.0,16571.52,199.84,340.28,2.0,2070.2,24.48,42.2,1733764562
0.0,45.166666666666664,247.26190476190476,118.83333333333333,1.0,16569.674418604653,199.7906976744186,343.3720930232558,2.0,2070.7441860465115,24.6046511627907,42.69767441860465,1733764563
0.0,44.05882352941177,245.3235294117647,121.55882352941177,1.0,16567.941176470587,199.7941176470588,329.0882352941176,2.0,2071.0588235294117,24.264705882352942,39.529411764705884,1733764564
0.0,46.064516129032256,246.09677419354838,121.06451612903226,1.0,16565.83870967742,198.1290322580645,321.83870967741933,2.0,2070.8064516129034,24.64516129032258,39.74193548387097,1733764565
0.0,46.567567567567565,245.02702702702703,120.45945945945945,1.0,16573.513513513513,195.51351351351352,314.7837837837838,2.0,2070.6216216216217,24.486486486486488,38.945945945945944,1733764566
0.0,45.294117647058826,244.7058823529412,118.67647058823529,1.0,16570.29411764706,199.85294117647058,310.94117647058823,2.0,2070.235294117647,24.264705882352942,38.205882352941174,1733764567
0.0,44.088235294117645,246.55882352941177,120.08823529411765,1.0,16573.235294117647,203.11764705882354,312.38235294117646,2.0,2070.8529411764707,24.11764705882353,38.1764705882353,1733764568
0.0,41.724137931034484,248.13793103448276,120.48275862068965,1.0,16568.96551724138,200.48275862068965,310.44827586206895,2.0,2070.5862068965516,24.137931034482758,37.86206896551724,1733764569
0.0,46.743589743589745,246.4102564102564,122.23076923076923,1.0,16567.0,198.6153846153846,308.71794871794873,2.0,2070.974358974359,24.615384615384617,37.97435897435897,1733764570
0.0,44.94117647058823,246.2058823529412,120.88235294117646,1.0,16566.5,201.1764705882353,300.20588235294116,2.0,2070.764705882353,24.441176470588236,36.705882352941174,1733764571
0.0,41.80769230769231,246.07692307692307,120.07692307692308,1.0,16566.923076923078,203.03846153846155,297.46153846153845,2.0,2070.3076923076924,24.96153846153846,37.38461538461539,1733764572
0.0,42.61904761904762,246.47619047619048,119.30952380952381,1.0,16570.833333333332,200.71428571428572,300.45238095238096,2.0,2070.8333333333335,24.61904761904762,36.976190476190474,1733764573
0.0,41.411764705882355,243.38235294117646,118.82352941176471,1.0,16566.352941176472,200.7941176470588,302.6764705882353,2.0,2069.676470588235,24.38235294117647,37.14705882352941,1733764574
0.0,39.088235294117645,244.7058823529412,120.67647058823529,1.0,16570.0,194.08823529411765,297.05882352941177,2.0,2070.529411764706,24.264705882352942,37.14705882352941,1733764575
0.0,48.774193548387096,242.83870967741936,119.41935483870968,1.0,16569.677419354837,199.16129032258064,299.03225806451616,2.0,2070.516129032258,24.548387096774192,37.516129032258064,1733764576
0.0,42.810810810810814,240.97297297297297,120.45945945945945,1.0,16566.891891891893,199.8918918918919,299.4864864864865,2.0,2070.6486486486488,24.243243243243242,36.86486486486486,1733764577
0.0,47.1764705882353,249.0,118.6470588235294,1.0,16574.41176470588,202.02941176470588,298.2647058823529,2.0,2070.970588235294,23.88235294117647,36.76470588235294,1733764578
0.0,41.0,245.59259259259258,123.96296296296296,1.0,16567.296296296296,196.40740740740742,294.5925925925926,2.0,2071.259259259259,24.0,36.925925925925924,1733764579
0.0,43.829268292682926,249.02439024390245,122.95121951219512,1.0,16570.536585365855,198.85365853658536,293.6829268292683,2.0,2070.7804878048782,24.317073170731707,36.24390243902439,1733764580
0.0,45.0,247.05882352941177,122.58823529411765,1.0,16564.323529411766,195.91176470588235,288.5882352941176,2.0,2070.5588235294117,24.41176470588235,36.05882352941177,1733764581
0.0,44.84615384615385,250.92307692307693,119.73076923076923,1.0,16569.423076923078,202.0,293.84615384615387,2.0,2070.5384615384614,24.653846153846153,36.07692307692308,1733764582
0.0,40.80952380952381,248.92857142857142,118.69047619047619,1.0,16567.928571428572,197.11904761904762,288.7142857142857,2.0,2070.4285714285716,23.88095238095238,35.76190476190476,1733764583
0.0,43.11764705882353,247.23529411764707,121.41176470588235,1.0,16571.882352941175,198.73529411764707,289.9117647058824,2.0,2070.294117647059,24.323529411764707,35.44117647058823,1733764584
0.0,43.8235294117647,243.7058823529412,118.88235294117646,1.0,16567.176470588234,196.6764705882353,290.0,2.0,2070.9117647058824,24.441176470588236,35.85294117647059,1733764585
0.0,41.310344827586206,247.20689655172413,120.58620689655173,1.0,16570.172413793105,199.82758620689654,288.0,2.0,2070.6206896551726,24.482758620689655,35.37931034482759,1733764586
0.0,45.333333333333336,245.94871794871796,120.94871794871794,1.0,16568.0,199.05128205128204,284.56410256410254,2.0,2071.0,23.94871794871795,35.17948717948718,1733764587
0.0,43.529411764705884,245.8235294117647,120.05882352941177,1.0,16566.41176470588,196.14705882352942,282.29411764705884,2.0,2070.6176470588234,24.735294117647058,35.5,1733764588
0.0,44.241379310344826,245.68965517241378,119.24137931034483,1.0,16568.862068965518,201.0344827586207,283.0689655172414,2.0,2070.448275862069,24.344827586206897,35.241379310344826,1733764589
0.0,47.23076923076923,245.12820512820514,120.48717948717949,1.0,16567.923076923078,198.53846153846155,285.05128205128204,2.0,2070.7948717948716,25.0,35.15384615384615,1733764590
0.0,42.94117647058823,247.1764705882353,120.88235294117646,1.0,16572.70588235294,201.35294117647058,281.2352941176471,2.0,2070.676470588235,24.08823529411765,35.35294117647059,1733764591
0.0,42.82142857142857,247.35714285714286,119.60714285714286,1.0,16569.535714285714,196.71428571428572,280.7857142857143,2.0,2071.1428571428573,23.964285714285715,35.642857142857146,1733764592
0.0,45.6,244.725,119.775,1.0,16566.6,200.45,282.15,2.0,2071.3,24.75,34.65,1733764593
0.0,43.55882352941177,249.08823529411765,120.97058823529412,1.0,16573.470588235294,198.1764705882353,278.3235294117647,2.0,2070.8529411764707,23.970588235294116,34.588235294117645,1733764594
0.0,45.6764705882353,246.5,120.47058823529412,1.0,16574.0,200.6764705882353,274.88235294117646,2.0,2070.735294117647,24.058823529411764,34.705882352941174,1733764595
0.0,41.53333333333333,248.7,121.9,1.0,16569.068965517243,196.3448275862069,278.0689655172414,2.0,2070.4137931034484,24.344827586206897,34.51724137931034,1733764596
0.0,40.94736842105263,247.5,121.55263157894737,1.0,16568.23076923077,198.28205128205127,281.28205128205127,2.0,2070.5128205128203,23.743589743589745,34.23076923076923,1733764597
0.0,42.26470588235294,245.7941176470588,117.67647058823529,1.0,16571.058823529413,203.2941176470588,275.0882352941176,2.0,2070.6470588235293,24.470588235294116,33.6764705882353,1733764598
0.0,46.0,248.0,121.56521739130434,1.0,16568.608695652172,191.52173913043478,278.30434782608694,2.0,2070.782608695652,25.130434782608695,33.78260869565217,1733764599
0.0,43.13333333333333,252.17777777777778,120.88888888888889,1.0,16570.933333333334,199.22222222222223,274.6666666666667,2.0,2070.5777777777776,24.177777777777777,33.955555555555556,1733764600
0.0,44.64705882352941,248.41176470588235,119.79411764705883,1.0,16566.882352941175,202.41176470588235,274.7352941176471,2.0,2070.470588235294,24.235294117647058,34.088235294117645,1733764601
0.0,46.088235294117645,240.91176470588235,122.32352941176471,1.0,16570.79411764706,196.91176470588235,274.02941176470586,2.0,2070.090909090909,24.272727272727273,33.90909090909091,1733764602
0.0,44.59375,243.5,121.78125,1.0,16570.032258064515,190.80645161290323,274.03225806451616,2.0,2070.9375,24.125,33.28125,1733764603
0.0,46.416666666666664,247.30555555555554,123.41666666666667,1.0,16568.18918918919,199.43243243243242,269.35135135135135,2.0,2070.9444444444443,24.38888888888889,33.19444444444444,1733764604
0.0,41.6764705882353,246.14705882352942,119.55882352941177,1.0,16567.323529411766,197.14705882352942,268.3235294117647,2.0,2070.970588235294,23.470588235294116,32.88235294117647,1733764605
0.0,44.67857142857143,248.32142857142858,121.64285714285714,1.0,16567.964285714286,201.46428571428572,267.57142857142856,2.0,2070.7586206896553,23.724137931034484,33.03448275862069,1733764606
0.0,45.95,248.975,120.45,1.0,16572.05,192.225,268.275,2.0,2070.923076923077,24.41025641025641,33.41025641025641,1733764607
0.0,39.470588235294116,246.38235294117646,119.88235294117646,1.0,16568.5,191.47058823529412,270.29411764705884,2.0,2070.470588235294,23.735294117647058,33.38235294117647,1733764608
0.0,45.794117647058826,251.47058823529412,120.41176470588235,1.0,16565.29411764706,201.85294117647058,264.0882352941176,2.0,2070.735294117647,24.529411764705884,33.14705882352941,1733764609
0.0,40.90909090909091,249.0909090909091,122.48484848484848,1.0,16568.030303030304,207.57575757575756,265.42424242424244,2.0,2070.176470588235,24.61764705882353,32.0,1733764610
0.0,43.17142857142857,249.57142857142858,121.17142857142858,1.0,16568.264705882353,190.73529411764707,262.79411764705884,2.0,2071.029411764706,23.794117647058822,32.94117647058823,1733764611
0.0,46.5,246.94117647058823,119.1470588235294,1.0,16568.29411764706,187.08823529411765,268.70588235294116,2.0,2070.4117647058824,22.705882352941178,33.0,1733764612
0.0,47.3448275862069,245.93103448275863,123.51724137931035,1.0,16578.0,204.9,243.7,2.0,2070.866666666667,28.433333333333334,29.0,1733764613
0.0,43.64102564102564,250.92307692307693,121.97435897435898,1.0,16569.315789473683,196.1315789473684,265.94736842105266,2.0,2070.2368421052633,23.94736842105263,31.81578947368421,1733764614
0.0,41.85294117647059,247.0,119.32352941176471,1.0,16568.058823529413,185.05882352941177,262.3235294117647,2.0,2070.6176470588234,22.941176470588236,32.1764705882353,1733764615
0.0,42.69230769230769,246.96153846153845,122.96153846153847,1.0,16569.76923076923,207.76923076923077,257.5769230769231,2.0,2070.8846153846152,25.653846153846153,32.11538461538461,1733764616
0.0,43.04761904761905,245.92857142857142,116.69047619047619,1.0,16568.619047619046,194.95238095238096,261.1190476190476,2.0,2070.5238095238096,23.30952380952381,32.45238095238095,1733764617
0.0,45.38235294117647,248.7058823529412,119.73529411764706,1.0,16570.941176470587,201.08823529411765,258.70588235294116,2.0,2070.735294117647,24.705882352941178,32.3235294117647,1733764618
0.0,42.88235294117647,244.11764705882354,119.41176470588235,1.0,16571.147058823528,192.41176470588235,261.61764705882354,2.0,2071.1470588235293,23.558823529411764,31.88235294117647,1733764619
0.0,42.625,249.34375,123.09375,1.0,16568.59375,199.40625,253.9375,2.0,2070.4375,23.90625,32.125,1733764620
0.0,40.371428571428574,247.0857142857143,119.94285714285714,1.0,16571.527777777777,201.38888888888889,258.47222222222223,2.0,2070.5,24.63888888888889,32.166666666666664,1733764621
0.0,43.68571428571428,252.0,120.82857142857142,1.0,16568.970588235294,197.85294117647058,255.88235294117646,2.0,2070.205882352941,23.852941176470587,31.735294117647058,1733764622
0.0,43.30769230769231,245.26923076923077,121.11538461538461,1.0,16572.14814814815,197.25925925925927,251.59259259259258,2.0,2071.185185185185,24.25925925925926,31.51851851851852,1733764623
0.0,44.04761904761905,248.57142857142858,120.45238095238095,1.0,16572.268292682926,200.8780487804878,253.9512195121951,2.0,2070.2926829268295,24.24390243902439,31.75609756097561,1733764624
0.0,44.61764705882353,251.7058823529412,120.47058823529412,1.0,16570.823529411766,195.91176470588235,248.58823529411765,2.0,2071.323529411765,23.794117647058822,31.852941176470587,1733764625
0.0,45.3,242.36666666666667,121.03333333333333,1.0,16564.74193548387,200.80645161290323,255.51612903225808,2.0,2070.7,24.133333333333333,30.866666666666667,1733764626
0.0,44.32432432432432,242.27027027027026,119.94594594594595,1.0,16573.054054054053,196.43243243243242,251.45945945945945,2.0,2070.2894736842104,24.42105263157895,30.894736842105264,1733764627
0.0,46.6764705882353,244.11764705882354,121.17647058823529,1.0,16570.029411764706,191.08823529411765,254.47058823529412,2.0,2070.8823529411766,24.058823529411764,30.852941176470587,1733764628
0.0,42.794117647058826,244.2058823529412,120.6470588235294,1.0,16572.147058823528,196.38235294117646,255.55882352941177,2.0,2070.9117647058824,24.61764705882353,31.294117647058822,1733764629
0.0,44.333333333333336,248.4,122.73333333333333,1.0,16567.266666666666,204.06666666666666,250.1,2.0,2071.2,24.333333333333332,30.933333333333334,1733764630
0.0,39.94736842105263,245.81578947368422,116.3157894736842,1.0,16572.842105263157,197.44736842105263,245.31578947368422,2.0,2070.2894736842104,24.05263157894737,30.657894736842106,1733764631
0.0,42.05714285714286,243.31428571428572,121.2,1.0,16564.617647058825,199.35294117647058,247.2941176470588,2.0,2070.5,23.558823529411764,30.852941176470587,1733764632
0.0,43.30769230769231,248.0,117.23076923076923,1.0,16568.48148148148,196.7037037037037,246.92592592592592,2.0,2070.6296296296296,24.14814814814815,30.62962962962963,1733764633
0.0,46.69047619047619,245.6904761904762,118.66666666666667,1.0,16568.0,191.41463414634146,248.85365853658536,2.0,2070.9268292682927,24.48780487804878,30.21951219512195,1733764634
0.0,45.029411764705884,251.1764705882353,118.61764705882354,1.0,16573.0,194.38235294117646,243.3235294117647,2.0,2070.970588235294,23.91176470588235,29.794117647058822,1733764635
0.0,44.72727272727273,249.33333333333334,119.66666666666667,1.0,16573.382352941175,193.44117647058823,240.44117647058823,2.0,2070.3529411764707,24.235294117647058,30.058823529411764,1733764636
0.0,40.96875,251.59375,119.9375,1.0,16571.0,200.21875,242.78125,2.0,2070.3125,24.25,30.15625,1733764637
0.0,45.80555555555556,243.88888888888889,122.33333333333333,1.0,16569.277777777777,198.47222222222223,234.33333333333334,2.0,2070.972222222222,24.77777777777778,29.13888888888889,1733764638
0.0,48.02857142857143,245.9142857142857,116.85714285714286,1.0,16573.029411764706,195.23529411764707,242.2941176470588,2.0,2070.794117647059,24.0,29.558823529411764,1733764639
0.0,42.964285714285715,249.89285714285714,119.64285714285714,1.0,16569.48275862069,194.6551724137931,240.89655172413794,2.0,2070.7586206896553,23.413793103448278,29.482758620689655,1733764640
0.0,50.2,243.8,120.25,1.0,16566.74358974359,198.7948717948718,240.53846153846155,2.0,2070.923076923077,23.94871794871795,29.743589743589745,1733764641
0.0,41.85294117647059,249.91176470588235,118.55882352941177,1.0,16568.91176470588,193.73529411764707,242.41176470588235,2.0,2070.823529411765,23.352941176470587,29.970588235294116,1733764642
0.0,46.44,244.4,121.24,1.0,16570.64,199.4,245.48,2.0,2070.68,23.92,29.68,1733764643
0.0,40.30232558139535,247.58139534883722,120.81395348837209,1.0,16572.162790697676,196.09302325581396,237.41860465116278,2.0,2071.3023255813955,24.41860465116279,29.674418604651162,1733764644
0.0,42.60606060606061,241.12121212121212,121.3030303030303,1.0,16568.235294117647,192.55882352941177,240.6764705882353,2.0,2070.8823529411766,23.029411764705884,29.970588235294116,1733764645
0.0,43.205882352941174,251.88235294117646,124.44117647058823,1.0,16574.676470588234,197.5,236.97058823529412,2.0,2070.6470588235293,24.823529411764707,29.529411764705884,1733764646
0.0,44.45161290322581,250.96774193548387,121.45161290322581,1.0,16568.935483870966,192.58064516129033,242.41935483870967,2.0,2070.8064516129034,24.258064516129032,30.451612903225808,1733764647
0.0,42.67567567567568,242.54054054054055,121.1891891891892,1.0,16572.08108108108,198.0,246.51351351351352,2.0,2070.837837837838,23.72972972972973,29.45945945945946,1733764648
0.0,41.029411764705884,242.38235294117646,118.8529411764706,1.0,16566.852941176472,195.55882352941177,235.8235294117647,2.0,2070.5882352941176,24.0,29.176470588235293,1733764649
0.0,39.26923076923077,245.73076923076923,120.23076923076923,1.0,16570.73076923077,194.19230769230768,233.34615384615384,2.0,2070.653846153846,23.653846153846153,28.192307692307693,1733764650
0.0,42.333333333333336,246.04761904761904,122.52380952380952,1.0,16570.071428571428,199.4047619047619,239.42857142857142,2.0,2070.9285714285716,23.69047619047619,29.19047619047619,1733764651
0.0,41.26470588235294,248.11764705882354,120.02941176470588,1.0,16569.441176470587,201.11764705882354,234.38235294117646,2.0,2071.529411764706,24.176470588235293,29.41176470588235,1733764652
0.0,39.96153846153846,249.3846153846154,121.65384615384616,1.0,16569.615384615383,203.69230769230768,234.65384615384616,2.0,2070.8846153846152,23.96153846153846,28.96153846153846,1733764653
0.0,37.69047619047619,245.9047619047619,121.71428571428571,1.0,16569.833333333332,195.83333333333334,235.02380952380952,2.0,2070.5238095238096,23.738095238095237,28.833333333333332,1733764654
0.0,48.705882352941174,249.97058823529412,116.73529411764706,1.0,16568.29411764706,196.88235294117646,225.5,2.0,2070.5,24.11764705882353,28.61764705882353,1733764655
0.0,42.608695652173914,243.04347826086956,119.69565217391305,1.0,16572.304347826088,197.1304347826087,233.82608695652175,2.0,2070.695652173913,23.608695652173914,27.52173913043478,1733764656
0.0,42.13333333333333,248.88888888888889,118.17777777777778,1.0,16571.355555555554,195.6,227.0222222222222,2.0,2070.822222222222,24.133333333333333,27.91111111111111,1733764657
0.0,42.94117647058823,250.38235294117646,122.6470588235294,1.0,16564.764705882353,195.52941176470588,223.91176470588235,2.0,2070.8529411764707,24.264705882352942,29.176470588235293,1733764658
0.0,41.61764705882353,239.2941176470588,119.97058823529412,1.0,16569.352941176472,198.26470588235293,237.02941176470588,2.0,2070.5,23.58823529411765,28.823529411764707,1733764659
0.0,46.18181818181818,248.87878787878788,119.48484848484848,1.0,16565.303030303032,193.3939393939394,233.3030303030303,2.0,2071.09375,23.34375,28.3125,1733764660
0.0,45.77142857142857,246.25714285714287,119.91428571428571,1.0,16569.314285714285,193.97142857142856,234.6,2.0,2070.75,23.36111111111111,28.61111111111111,1733764661
0.0,42.64705882352941,244.91176470588235,119.26470588235294,1.0,16563.79411764706,196.44117647058823,228.35294117647058,2.0,2070.323529411765,24.058823529411764,28.558823529411764,1733764662
0.0,46.035714285714285,251.57142857142858,121.21428571428571,1.0,16571.785714285714,197.60714285714286,231.42857142857142,2.0,2070.6071428571427,23.464285714285715,28.714285714285715,1733764663
0.0,44.8,245.775,118.35,1.0,16574.025,198.475,228.625,2.0,2070.325,24.15,28.675,1733764664
0.0,44.85294117647059,249.2941176470588,121.1470588235294,1.0,16569.029411764706,198.41176470588235,228.47058823529412,2.0,2070.970588235294,23.823529411764707,28.61764705882353,1733764665
0.0,46.5625,244.09375,120.34375,1.0,16570.3125,198.03125,219.53125,2.0,2070.875,23.96875,27.75,1733764666
0.0,41.47222222222222,248.77777777777777,121.66666666666667,1.0,16570.86111111111,193.94444444444446,224.41666666666666,2.0,2070.7428571428572,23.97142857142857,27.714285714285715,1733764667
0.0,43.26470588235294,244.47058823529412,120.1470588235294,1.0,16566.735294117647,195.26470588235293,227.41176470588235,2.0,2070.8,23.37142857142857,27.057142857142857,1733764668
0.0,40.3235294117647,248.7058823529412,119.26470588235294,1.0,16569.264705882353,194.58823529411765,221.8235294117647,2.0,2070.4117647058824,23.705882352941178,28.205882352941178,1733764669
0.0,39.233333333333334,248.5,122.63333333333334,1.0,16568.48275862069,194.58620689655172,226.48275862068965,2.0,2069.9655172413795,24.310344827586206,27.620689655172413,1733764670
0.0,42.3421052631579,245.89473684210526,122.0,1.0,16573.384615384617,193.05128205128204,224.46153846153845,2.0,2070.5128205128203,23.076923076923077,27.025641025641026,1733764671
0.0,39.61764705882353,247.52941176470588,120.05882352941177,1.0,16569.029411764706,198.88235294117646,224.94117647058823,2.0,2070.794117647059,23.470588235294116,28.352941176470587,1733764672
0.0,46.07692307692308,248.65384615384616,120.0,1.0,16570.423076923078,194.96153846153845,219.76923076923077,2.0,2070.576923076923,23.96153846153846,27.076923076923077,1733764673
0.0,41.214285714285715,246.0,120.21428571428571,1.0,16569.190476190477,192.35714285714286,222.95238095238096,2.0,2070.5,23.785714285714285,27.738095238095237,1733764674
0.0,44.294117647058826,246.23529411764707,120.6470588235294,1.0,16570.0,194.61764705882354,225.38235294117646,2.0,2070.205882352941,23.735294117647058,27.647058823529413,1733764675
0.0,43.36363636363637,247.1818181818182,119.3030303030303,1.0,16569.515151515152,193.57575757575756,217.8181818181818,2.0,2070.787878787879,23.484848484848484,26.515151515151516,1733764676
0.0,39.88235294117647,247.7941176470588,119.44117647058823,1.0,16570.41176470588,194.3235294117647,221.52941176470588,2.0,2070.470588235294,23.764705882352942,27.676470588235293,1733764677
0.0,46.05714285714286,247.34285714285716,121.62857142857143,1.0,16566.97142857143,191.74285714285713,224.4857142857143,2.0,2070.4,23.82857142857143,27.228571428571428,1733764678
0.0,44.911764705882355,248.61764705882354,122.55882352941177,1.0,16567.08823529412,191.41176470588235,228.2058823529412,2.0,2071.0,23.88235294117647,27.676470588235293,1733764679
0.0,43.793103448275865,247.24137931034483,118.79310344827586,1.0,16569.678571428572,194.85714285714286,237.60714285714286,2.0,2070.5714285714284,23.964285714285715,30.321428571428573,1733764680
0.0,45.48717948717949,250.74358974358975,120.66666666666667,1.0,16568.75,193.775,243.05,2.0,2070.4,23.85,29.525,1733764681
0.0,45.55882352941177,245.58823529411765,121.47058823529412,1.0,16567.058823529413,195.94117647058823,225.85294117647058,2.0,2070.9117647058824,23.58823529411765,27.764705882352942,1733764682
0.0,44.77272727272727,246.1818181818182,119.31818181818181,1.0,16564.31818181818,193.6818181818182,224.3181818181818,2.0,2070.0454545454545,24.272727272727273,26.818181818181817,1733764683
0.0,45.45652173913044,250.7173913043478,124.02173913043478,1.0,16571.804347826088,192.5,212.41304347826087,2.0,2070.7391304347825,23.565217391304348,25.891304347826086,1733764684
0.0,39.94117647058823,245.7058823529412,118.61764705882354,1.0,16572.70588235294,190.6764705882353,208.6764705882353,2.0,2070.4411764705883,24.794117647058822,25.352941176470587,1733764685
0.0,40.6764705882353,247.08823529411765,118.5,1.0,16569.676470588234,196.61764705882354,203.26470588235293,2.0,2070.176470588235,24.147058823529413,25.352941176470587,1733764686
0.0,39.6875,243.34375,120.5,1.0,16571.78125,189.875,203.25,2.0,2071.1290322580644,24.0,25.322580645161292,1733764687
0.0,42.666666666666664,245.83333333333334,121.86111111111111,1.0,16570.777777777777,193.16666666666666,209.25,2.0,2070.9444444444443,24.0,25.25,1733764688
0.0,39.6764705882353,250.38235294117646,121.47058823529412,1.0,16570.823529411766,194.5,206.47058823529412,2.0,2070.4411764705883,23.794117647058822,25.470588235294116,1733764689
0.0,45.785714285714285,252.64285714285714,121.82142857142857,1.0,16571.571428571428,197.0,197.28571428571428,2.0,2070.9655172413795,24.03448275862069,24.862068965517242,1733764690
0.0,44.875,250.775,119.6,1.0,16570.425,198.775,200.325,2.0,2070.6153846153848,23.615384615384617,24.71794871794872,1733764691
0.0,47.85294117647059,246.35294117647058,121.55882352941177,1.0,16569.20588235294,194.61764705882354,203.41176470588235,2.0,2070.823529411765,24.235294117647058,25.441176470588236,1733764692
0.0,42.77777777777778,244.44444444444446,119.70370370370371,1.0,16566.962962962964,192.77777777777777,208.22222222222223,2.0,2071.1071428571427,24.035714285714285,25.571428571428573,1733764693
0.0,40.63414634146341,249.3658536585366,123.48780487804878,1.0,16574.024390243903,197.73170731707316,208.97560975609755,2.0,2070.6,23.675,25.775,1733764694
0.0,43.85294117647059,248.02941176470588,120.32352941176471,1.0,16565.676470588234,192.6764705882353,211.61764705882354,2.0,2070.5,23.58823529411765,25.735294117647058,1733764695
0.0,44.88235294117647,248.35294117647058,119.02941176470588,1.0,16572.970588235294,194.02941176470588,209.94117647058823,2.0,2071.470588235294,24.11764705882353,26.058823529411764,1733764696
0.0,44.42424242424242,241.3939393939394,121.60606060606061,1.0,16571.34375,191.78125,205.40625,2.0,2070.969696969697,23.757575757575758,24.757575757575758,1733764697
0.0,45.34285714285714,250.4857142857143,120.71428571428571,1.0,16572.114285714284,195.85714285714286,206.11428571428573,2.0,2070.6,23.82857142857143,26.114285714285714,1733764698
0.0,42.088235294117645,244.26470588235293,121.8529411764706,1.0,16573.676470588234,193.2058823529412,216.35294117647058,2.0,2070.8823529411766,23.323529411764707,25.88235294117647,1733764699
0.0,40.67857142857143,248.07142857142858,119.78571428571429,1.0,16567.689655172413,194.6551724137931,211.86206896551724,2.0,2070.3793103448274,23.06896551724138,25.482758620689655,1733764700
0.0,43.175,248.6,121.725,1.0,16565.871794871793,191.28205128205127,205.25641025641025,2.0,2071.2051282051284,23.41025641025641,25.512820512820515,1733764701
0.0,44.205882352941174,251.35294117647058,122.08823529411765,1.0,16572.558823529413,195.91176470588235,208.1764705882353,2.0,2071.205882352941,23.735294117647058,24.941176470588236,1733764702
0.0,44.15384615384615,246.07692307692307,122.96153846153847,1.0,16570.23076923077,190.8846153846154,195.84615384615384,2.0,2071.153846153846,23.26923076923077,24.23076923076923,1733764703
0.0,41.714285714285715,243.5952380952381,120.04761904761905,1.0,16572.261904761905,192.92857142857142,197.95238095238096,2.0,2070.8571428571427,23.261904761904763,24.30952380952381,1733764704
0.0,42.26470588235294,249.0,119.32352941176471,1.0,16570.852941176472,192.0,197.2058823529412,2.0,2070.3529411764707,23.705882352941178,25.11764705882353,1733764705
0.0,45.411764705882355,248.5,119.26470588235294,1.0,16568.352941176472,195.91176470588235,197.38235294117646,2.0,2071.029411764706,23.676470588235293,25.441176470588236,1733764706
0.0,44.74193548387097,243.16129032258064,122.45161290322581,1.0,16568.59375,193.84375,207.25,2.0,2070.5625,23.9375,24.375,1733764707
0.0,40.94444444444444,247.44444444444446,122.69444444444444,1.0,16571.194444444445,190.66666666666666,200.05555555555554,2.0,2070.8055555555557,23.97222222222222,24.61111111111111,1733764708
0.0,39.94117647058823,250.2941176470588,118.17647058823529,1.0,16570.735294117647,191.14705882352942,197.8235294117647,2.0,2070.9117647058824,23.058823529411764,24.970588235294116,1733764709
0.0,41.892857142857146,244.75,118.96428571428571,1.0,16569.321428571428,194.39285714285714,197.64285714285714,2.0,2071.25,23.857142857142858,23.642857142857142,1733764710
0.0,41.325,246.275,118.05,1.0,16571.75,192.8,195.525,2.0,2070.675,23.95,24.275,1733764711
0.0,46.3235294117647,243.88235294117646,118.08823529411765,1.0,16569.029411764706,195.64705882352942,199.73529411764707,2.0,2071.0588235294117,23.941176470588236,24.705882352941178,1733764712
0.0,42.44827586206897,248.3448275862069,122.0,1.0,16570.862068965518,195.44827586206895,193.9655172413793,2.0,2070.862068965517,23.655172413793103,24.06896551724138,1733764713
0.0,47.743589743589745,250.15384615384616,120.66666666666667,1.0,16572.53846153846,195.4102564102564,192.15384615384616,2.0,2070.5897435897436,23.846153846153847,23.71794871794872,1733764714
0.0,40.3235294117647,249.14705882352942,117.08823529411765,1.0,16573.323529411766,195.55882352941177,202.91176470588235,2.0,2071.029411764706,23.823529411764707,24.235294117647058,1733764715
0.0,43.6764705882353,247.47058823529412,122.32352941176471,1.0,16571.323529411766,193.35294117647058,194.6764705882353,2.0,2070.6470588235293,23.647058823529413,24.5,1733764716
0.0,43.41379310344828,243.41379310344828,118.6896551724138,1.0,16568.655172413793,196.10344827586206,196.24137931034483,2.0,2070.689655172414,23.82758620689655,23.448275862068964,1733764717
0.0,43.92307692307692,244.66666666666666,120.82051282051282,1.0,16566.97435897436,194.17948717948718,189.64102564102564,2.0,2071.051282051282,23.58974358974359,23.333333333333332,1733764718
0.0,46.029411764705884,249.2941176470588,121.3529411764706,1.0,16570.941176470587,195.02941176470588,185.38235294117646,2.0,2070.235294117647,23.852941176470587,23.529411764705884,1733764719
0.0,44.32,249.28,120.36,1.0,16572.76,188.88,186.24,2.0,2070.6,23.32,23.68,1733764720
0.0,42.25581395348837,245.86046511627907,120.97674418604652,1.0,16568.13953488372,193.1860465116279,185.7906976744186,2.0,2070.860465116279,24.348837209302324,23.953488372093023,1733764721
0.0,40.1764705882353,249.05882352941177,121.05882352941177,1.0,16567.70588235294,195.7058823529412,194.2941176470588,2.0,2070.5588235294117,23.323529411764707,24.176470588235293,1733764722
0.0,46.63636363636363,249.04545454545453,120.36363636363636,1.0,16573.0,194.72727272727272,190.72727272727272,2.0,2070.1363636363635,23.318181818181817,22.727272727272727,1733764723
0.0,42.23913043478261,250.41304347826087,118.8913043478261,1.0,16568.565217391304,194.04347826086956,187.8695652173913,2.0,2070.8478260869565,24.08695652173913,23.130434782608695,1733764724
0.0,44.0,246.58823529411765,120.52941176470588,1.0,16569.58823529412,193.52941176470588,184.2941176470588,2.0,2070.8823529411766,23.529411764705884,23.58823529411765,1733764725
0.0,43.6764705882353,248.3235294117647,119.41176470588235,1.0,16570.147058823528,195.35294117647058,184.47058823529412,2.0,2070.735294117647,23.235294117647058,23.823529411764707,1733764726
0.0,43.96666666666667,241.96666666666667,121.5,1.0,16570.0,193.03333333333333,184.66666666666666,2.0,2070.9310344827586,24.310344827586206,22.862068965517242,1733764727
0.0,44.63157894736842,249.5,118.34210526315789,1.0,16567.86842105263,190.97368421052633,185.78947368421052,2.0,2070.128205128205,23.871794871794872,22.743589743589745,1733764728
0.0,44.88235294117647,251.6764705882353,119.0,1.0,16569.20588235294,195.02941176470588,190.05882352941177,2.0,2071.0,23.529411764705884,23.264705882352942,1733764729
0.0,41.57142857142857,252.78571428571428,120.57142857142857,1.0,16572.964285714286,191.21428571428572,182.53571428571428,2.0,2070.740740740741,23.925925925925927,22.25925925925926,1733764730
0.0,45.625,247.7,122.0,1.0,16573.9,195.975,184.4,2.0,2070.682926829268,23.29268292682927,22.48780487804878,1733764731
0.0,42.794117647058826,251.35294117647058,119.44117647058823,1.0,16570.70588235294,194.3235294117647,188.97058823529412,2.0,2071.0588235294117,24.205882352941178,22.88235294117647,1733764732
0.0,46.16,246.76,120.4,1.0,16569.32,190.32,188.6,2.0,2070.56,23.72,22.36,1733764733
0.0,46.627906976744185,247.4418604651163,121.4186046511628,1.0,16571.441860465115,194.06976744186048,181.97674418604652,2.0,2070.8372093023254,24.023255813953487,22.325581395348838,1733764734
0.0,39.794117647058826,248.05882352941177,118.17647058823529,1.0,16568.764705882353,200.05882352941177,180.64705882352942,2.0,2070.6176470588234,23.705882352941178,22.470588235294116,1733764735
0.0,43.05882352941177,245.7941176470588,118.6470588235294,1.0,16572.176470588234,193.8235294117647,180.11764705882354,2.0,2070.0882352941176,23.58823529411765,21.970588235294116,1733764736
0.0,46.87096774193548,247.16129032258064,121.51612903225806,1.0,16568.333333333332,197.9,180.0,2.0,2071.1666666666665,23.533333333333335,22.6,1733764737
0.0,37.32432432432432,246.13513513513513,118.78378378378379,1.0,16571.07894736842,190.73684210526315,184.0,2.0,2070.9473684210525,24.289473684210527,21.763157894736842,1733764738
0.0,45.76470588235294,248.73529411764707,121.76470588235294,1.0,16569.970588235294,191.64705882352942,183.2941176470588,2.0,2071.264705882353,23.647058823529413,22.0,1733764739
0.0,41.55555555555556,245.88888888888889,123.33333333333333,1.0,16568.14814814815,193.14814814814815,176.5185185185185,2.0,2070.777777777778,24.296296296296298,21.666666666666668,1733764740
0.0,43.926829268292686,250.21951219512195,120.46341463414635,1.0,16567.658536585364,192.97560975609755,181.85365853658536,2.0,2070.560975609756,23.170731707317074,22.365853658536587,1733764741
0.0,40.23529411764706,250.2058823529412,123.55882352941177,1.0,16570.117647058825,196.14705882352942,179.5,2.0,2071.0,23.823529411764707,22.205882352941178,1733764742
0.0,42.5,244.88235294117646,122.94117647058823,1.0,16565.70588235294,188.85294117647058,178.97058823529412,2.0,2070.705882352941,23.323529411764707,21.794117647058822,1733764743
0.0,45.8125,251.59375,120.375,1.0,16573.34375,191.1875,178.65625,2.0,2070.71875,23.40625,22.125,1733764744
0.0,44.47222222222222,248.36111111111111,120.11111111111111,1.0,16571.527777777777,195.13888888888889,174.83333333333334,2.0,2070.8333333333335,23.694444444444443,21.86111111111111,1733764745
0.0,41.61764705882353,246.05882352941177,118.5,1.0,16569.382352941175,194.08823529411765,177.2941176470588,2.0,2071.235294117647,23.647058823529413,21.647058823529413,1733764746
0.0,41.464285714285715,245.78571428571428,119.03571428571429,1.0,16570.928571428572,192.96428571428572,174.5,2.0,2070.9285714285716,23.714285714285715,21.285714285714285,1733764747
0.0,43.55,249.25,121.025,1.0,16571.8,192.325,170.85,2.0,2070.525,23.25,21.0,1733764748
0.0,43.35294117647059,246.38235294117646,121.32352941176471,1.0,16568.352941176472,197.58823529411765,170.7058823529412,2.0,2070.5882352941176,24.323529411764707,21.147058823529413,1733764749
0.0,45.25,244.42857142857142,121.64285714285714,1.0,16573.444444444445,193.0,173.88888888888889,2.0,2070.703703703704,23.444444444444443,21.22222222222222,1733764750
0.0,49.275,246.075,122.85,1.0,16568.219512195123,194.46341463414635,172.46341463414635,2.0,2070.7804878048782,23.048780487804876,21.21951219512195,1733764751
0.0,43.23529411764706,246.88235294117646,122.41176470588235,1.0,16570.676470588234,186.8235294117647,167.76470588235293,2.0,2070.794117647059,23.852941176470587,21.205882352941178,1733764752
0.0,46.588235294117645,248.88235294117646,121.38235294117646,1.0,16572.352941176472,190.08823529411765,172.52941176470588,2.0,2071.235294117647,23.264705882352942,20.647058823529413,1733764753
0.0,45.696969696969695,246.93939393939394,121.15151515151516,1.0,16572.454545454544,196.3939393939394,171.27272727272728,2.0,2070.75,24.21875,20.4375,1733764754
0.0,46.17142857142857,248.57142857142858,121.22857142857143,1.0,16570.8,192.14285714285714,176.34285714285716,2.0,2070.472222222222,23.833333333333332,20.86111111111111,1733764755
0.0,45.14705882352941,245.64705882352942,120.26470588235294,1.0,16573.470588235294,192.2058823529412,172.44117647058823,2.0,2071.235294117647,23.764705882352942,20.41176470588235,1733764756
0.0,49.0,245.10714285714286,117.78571428571429,1.0,16576.89285714286,194.32142857142858,168.35714285714286,2.0,2070.6666666666665,24.333333333333332,21.25925925925926,1733764757
0.0,46.5,245.225,120.95,1.0,16576.325,195.375,167.175,2.0,2070.7073170731705,23.536585365853657,20.463414634146343,1733764758
0.0,40.38235294117647,248.61764705882354,121.47058823529412,1.0,16572.147058823528,194.7058823529412,170.3235294117647,2.0,2070.794117647059,24.11764705882353,20.529411764705884,1733764759
0.0,45.76470588235294,249.7941176470588,119.70588235294117,1.0,16572.176470588234,195.26470588235293,172.5,2.0,2070.823529411765,23.205882352941178,20.852941176470587,1733764760
0.0,41.42424242424242,247.54545454545453,122.0,1.0,16569.125,188.3125,167.71875,2.0,2070.78125,23.6875,20.1875,1733764761
0.0,43.94285714285714,243.22857142857143,118.2,1.0,16570.972222222223,192.69444444444446,165.22222222222223,2.0,2070.4166666666665,23.555555555555557,20.25,1733764762
0.0,46.94117647058823,248.8235294117647,119.61764705882354,1.0,16566.58823529412,196.23529411764707,169.76470588235293,2.0,2070.4117647058824,23.470588235294116,20.235294117647058,1733764763
0.0,45.625,249.28125,121.28125,1.0,16569.58064516129,190.96774193548387,169.4516129032258,2.0,2070.1935483870966,23.225806451612904,20.29032258064516,1733764764
0.0,39.94444444444444,248.83333333333334,120.88888888888889,1.0,16572.513513513513,189.56756756756758,169.05405405405406,2.0,2069.9189189189187,23.16216216216216,19.81081081081081,1733764765
0.0,45.05882352941177,245.38235294117646,118.79411764705883,1.0,16572.852941176472,193.02941176470588,160.61764705882354,2.0,2071.235294117647,23.88235294117647,19.176470588235293,1733764766
0.0,39.4,252.08,120.12,1.0,16572.88,190.88,153.0,2.0,2070.52,23.88,20.04,1733764767
0.0,43.627906976744185,247.32558139534885,120.02325581395348,1.0,16567.74418604651,189.4418604651163,161.30232558139534,2.0,2071.2558139534885,23.58139534883721,19.441860465116278,1733764768
0.0,43.14705882352941,249.58823529411765,116.88235294117646,1.0,16567.529411764706,189.94117647058823,158.02941176470588,2.0,2070.735294117647,23.352941176470587,19.970588235294116,1733764769
0.0,37.88235294117647,249.97058823529412,118.44117647058823,1.0,16568.470588235294,198.0,159.0,2.0,2070.5588235294117,23.558823529411764,19.147058823529413,1733764770
0.0,43.375,247.71875,119.9375,1.0,16567.71875,191.375,162.03125,2.0,2071.0,23.0625,19.375,1733764771
0.0,44.333333333333336,251.86111111111111,120.77777777777777,1.0,16569.527777777777,190.38888888888889,160.27777777777777,2.0,2070.3333333333335,23.25,19.444444444444443,1733764772
0.0,44.14705882352941,245.64705882352942,117.32352941176471,1.0,16567.058823529413,185.85294117647058,155.58823529411765,2.0,2070.823529411765,23.11764705882353,18.941176470588236,1733764773
0.0,44.464285714285715,248.10714285714286,119.60714285714286,1.0,16569.75,196.07142857142858,161.46428571428572,2.0,2071.035714285714,22.928571428571427,19.464285714285715,1733764774
0.0,43.225,246.05,121.675,1.0,16569.925,194.4,159.05,2.0,2070.9,23.675,19.65,1733764775
0.0,38.55882352941177,249.3235294117647,118.3529411764706,1.0,16568.470588235294,191.2058823529412,155.2941176470588,2.0,2071.030303030303,23.21212121212121,19.393939393939394,1733764776
0.0,43.5,247.3181818181818,121.45454545454545,1.0,16569.954545454544,181.86363636363637,151.4090909090909,2.0,2071.217391304348,23.391304347826086,18.91304347826087,1733764777
0.0,45.97826086956522,243.43478260869566,119.45652173913044,1.0,16568.804347826088,190.56521739130434,157.04347826086956,2.0,2070.6,23.11111111111111,19.733333333333334,1733764778
0.0,42.23529411764706,254.1764705882353,122.05882352941177,1.0,16574.117647058825,195.2941176470588,155.85294117647058,2.0,2071.0882352941176,23.823529411764707,20.08823529411765,1733764779
0.0,40.55882352941177,250.44117647058823,120.1470588235294,1.0,16571.58823529412,192.7941176470588,156.1764705882353,2.0,2070.764705882353,23.029411764705884,19.558823529411764,1733764780
0.0,43.13333333333333,247.0,119.03333333333333,1.0,16574.233333333334,189.43333333333334,156.46666666666667,2.0,2071.0,23.129032258064516,19.0,1733764781
0.0,44.28947368421053,252.81578947368422,122.23684210526316,1.0,16568.684210526317,189.57894736842104,156.26315789473685,2.0,2069.891891891892,22.783783783783782,18.972972972972972,1733764782
0.0,47.029411764705884,244.35294117647058,118.91176470588235,1.0,16570.558823529413,193.23529411764707,161.7941176470588,2.0,2070.5588235294117,23.058823529411764,19.294117647058822,1733764783
0.0,41.035714285714285,243.75,122.14285714285714,1.0,16570.962962962964,191.74074074074073,149.07407407407408,2.0,2070.964285714286,23.107142857142858,17.571428571428573,1733764784
0.0,46.575,247.05,119.0,1.0,16571.05,190.725,152.325,2.0,2070.6,23.25,18.5,1733764785
0.0,39.794117647058826,251.23529411764707,120.5,1.0,16570.5,185.94117647058823,139.26470588235293,2.0,2071.3529411764707,23.705882352941178,18.058823529411764,1733764786
0.0,40.0,246.7391304347826,121.21739130434783,1.0,16559.695652173912,192.2608695652174,153.0,2.0,2070.478260869565,24.304347826086957,18.217391304347824,1733764787
0.0,42.48888888888889,249.51111111111112,118.33333333333333,1.0,16570.51111111111,188.33333333333334,147.86666666666667,2.0,2071.177777777778,23.488888888888887,18.8,1733764788
0.0,44.3235294117647,250.11764705882354,119.26470588235294,1.0,16568.70588235294,188.23529411764707,152.85294117647058,2.0,2070.735294117647,22.794117647058822,18.352941176470587,1733764789
0.0,45.73529411764706,246.7941176470588,121.82352941176471,1.0,16571.70588235294,190.8235294117647,149.38235294117646,2.0,2071.1176470588234,23.58823529411765,18.323529411764707,1733764790
0.0,43.3,252.86666666666667,121.9,1.0,16570.09677419355,193.32258064516128,151.25806451612902,2.0,2070.7096774193546,23.93548387096774,18.161290322580644,1733764791
0.0,43.81578947368421,248.73684210526315,119.86842105263158,1.0,16570.432432432433,188.32432432432432,149.7027027027027,2.0,2070.9189189189187,24.0,19.054054054054053,1733764792
0.0,43.121212121212125,250.45454545454547,121.06060606060606,1.0,16571.735294117647,189.23529411764707,156.55882352941177,2.0,2070.8529411764707,24.352941176470587,18.705882352941178,1733764793
0.0,43.07692307692308,250.69230769230768,119.38461538461539,1.0,16572.4,191.32,151.44,2.0,2070.64,23.0,18.72,1733764794
0.0,43.333333333333336,246.04761904761904,118.73809523809524,1.0,16566.279069767443,194.3953488372093,151.88372093023256,2.0,2070.906976744186,23.674418604651162,19.25581395348837,1733764795
0.0,41.55882352941177,250.58823529411765,119.02941176470588,1.0,16565.147058823528,190.3235294117647,154.97058823529412,2.0,2070.5588235294117,24.0,18.529411764705884,1733764796
0.0,41.76470588235294,249.5,118.79411764705883,1.0,16571.441176470587,194.41176470588235,157.47058823529412,2.0,2070.705882352941,23.294117647058822,18.941176470588236,1733764797
0.0,43.21212121212121,251.5151515151515,118.36363636363636,1.0,16570.75,184.0,152.0,2.0,2070.875,22.625,18.84375,1733764798
0.0,44.68571428571428,248.71428571428572,118.11428571428571,1.0,16567.444444444445,193.83333333333334,156.86111111111111,2.0,2070.5555555555557,23.166666666666668,18.61111111111111,1733764799
0.0,44.970588235294116,251.05882352941177,119.97058823529412,1.0,16568.352941176472,192.8235294117647,158.41176470588235,2.0,2071.470588235294,23.647058823529413,19.205882352941178,1733764800
0.0,43.241379310344826,247.20689655172413,121.13793103448276,1.0,16568.620689655174,189.20689655172413,157.44827586206895,2.0,2070.7241379310344,22.586206896551722,19.137931034482758,1733764801
0.0,44.48717948717949,250.53846153846155,117.12820512820512,1.0,16575.20512820513,192.66666666666666,153.3846153846154,2.0,2070.7948717948716,23.025641025641026,18.358974358974358,1733764802
0.0,44.529411764705884,246.35294117647058,119.26470588235294,1.0,16568.352941176472,192.0,153.52941176470588,2.0,2070.9117647058824,23.41176470588235,18.029411764705884,1733764803
0.0,42.76923076923077,247.3846153846154,118.96153846153847,1.0,16574.153846153848,189.53846153846155,148.3846153846154,2.0,2070.9615384615386,23.846153846153847,18.153846153846153,1733764804
0.0,43.857142857142854,253.16666666666666,118.95238095238095,1.0,16570.571428571428,178.85714285714286,140.14285714285714,2.0,2071.5,21.833333333333332,17.166666666666668,1733764805
0.0,42.14705882352941,251.2058823529412,121.05882352941177,1.0,16571.323529411766,185.41176470588235,144.41176470588235,2.0,2071.4117647058824,23.235294117647058,17.264705882352942,1733764806
0.0,40.64705882352941,249.58823529411765,121.23529411764706,1.0,16570.352941176472,192.41176470588235,147.58823529411765,2.0,2070.323529411765,22.705882352941178,17.970588235294116,1733764807
0.0,39.86206896551724,250.79310344827587,120.13793103448276,1.0,16568.068965517243,188.0344827586207,148.06896551724137,2.0,2070.5172413793102,22.82758620689655,18.379310344827587,1733764808
0.0,42.58974358974359,252.15384615384616,117.61538461538461,1.0,16570.46153846154,193.84615384615384,154.05128205128204,2.0,2070.74358974359,23.23076923076923,18.923076923076923,1733764809
0.0,45.76470588235294,250.14705882352942,121.41176470588235,1.0,16571.58823529412,193.0,154.11764705882354,2.0,2071.264705882353,23.38235294117647,19.558823529411764,1733764810
0.0,43.77777777777778,246.55555555555554,119.48148148148148,1.0,16572.615384615383,189.15384615384616,155.30769230769232,2.0,2070.6153846153848,22.807692307692307,19.346153846153847,1733764811
0.0,45.829268292682926,250.73170731707316,117.95121951219512,1.0,16567.02380952381,186.26190476190476,154.47619047619048,2.0,2070.6190476190477,24.023809523809526,18.785714285714285,1733764812
0.0,45.029411764705884,245.44117647058823,119.05882352941177,1.0,16568.441176470587,196.1764705882353,150.23529411764707,2.0,2071.0882352941176,23.08823529411765,19.970588235294116,1733764813
0.0,45.88235294117647,244.38235294117646,120.67647058823529,1.0,16570.20588235294,191.2941176470588,158.08823529411765,2.0,2070.878787878788,22.939393939393938,18.393939393939394,1733764814
0.0,45.18181818181818,245.66666666666666,119.12121212121212,1.0,16568.242424242424,189.8181818181818,159.24242424242425,2.0,2070.5588235294117,23.58823529411765,19.176470588235293,1733764815
0.0,42.542857142857144,250.4857142857143,120.34285714285714,1.0,16571.0,190.4,161.65714285714284,2.0,2070.942857142857,23.857142857142858,18.742857142857144,1733764816
0.0,44.3235294117647,249.38235294117646,119.76470588235294,1.0,16568.617647058825,189.94117647058823,152.97058823529412,2.0,2070.4117647058824,23.11764705882353,18.91176470588235,1733764817
0.0,45.225806451612904,246.83870967741936,120.58064516129032,1.0,16570.516129032258,190.3548387096774,147.16129032258064,2.0,2070.6666666666665,23.233333333333334,17.966666666666665,1733764818
0.0,43.67567567567568,246.1081081081081,120.67567567567568,1.0,16570.0,187.8918918918919,145.43243243243242,2.0,2071.2368421052633,23.13157894736842,18.36842105263158,1733764819
0.0,43.3235294117647,252.1764705882353,121.6470588235294,1.0,16570.676470588234,190.73529411764707,151.11764705882354,2.0,2070.764705882353,23.558823529411764,18.5,1733764820
0.0,43.64,246.84,120.36,1.0,16571.48,188.68,148.44,2.0,2071.2,23.48,18.92,1733764821
0.0,44.23255813953488,252.0,121.74418604651163,1.0,16572.116279069767,197.09302325581396,150.46511627906978,2.0,2071.2093023255816,23.6046511627907,17.976744186046513,1733764822
0.0,47.911764705882355,249.55882352941177,121.6470588235294,1.0,16569.558823529413,185.1764705882353,150.38235294117646,2.0,2070.1470588235293,22.91176470588235,18.235294117647058,1733764823
0.0,42.529411764705884,247.64705882352942,120.79411764705883,1.0,16570.558823529413,189.73529411764707,150.0,2.0,2070.5588235294117,23.058823529411764,18.323529411764707,1733764824
0.0,44.121212121212125,246.96969696969697,122.06060606060606,1.0,16568.46875,190.1875,149.1875,2.0,2070.625,22.5625,18.46875,1733764825
0.0,50.57142857142857,250.0,120.94285714285714,1.0,16568.722222222223,187.88888888888889,144.63888888888889,2.0,2070.972222222222,22.916666666666668,17.583333333333332,1733764826
0.0,42.76470588235294,252.11764705882354,119.20588235294117,1.0,16572.264705882353,187.97058823529412,146.14705882352942,2.0,2070.794117647059,23.58823529411765,17.88235294117647,1733764827
0.0,46.964285714285715,249.5,123.42857142857143,1.0,16568.464285714286,188.42857142857142,137.0,2.0,2071.0,23.357142857142858,17.714285714285715,1733764828
0.0,44.5,250.775,121.6,1.0,16570.175,190.35,144.775,2.0,2070.4,22.325,17.775,1733764829
0.0,41.205882352941174,246.52941176470588,118.70588235294117,1.0,16572.264705882353,188.52941176470588,141.3235294117647,2.0,2070.4117647058824,22.5,17.147058823529413,1733764830
0.0,41.56,249.28,121.4,1.0,16572.84,183.72,135.56,2.0,2071.68,23.52,16.24,1733764831
0.0,46.76744186046512,250.13953488372093,119.30232558139535,1.0,16574.511627906977,191.74418604651163,115.25581395348837,2.0,2071.720930232558,23.162790697674417,14.046511627906977,1733764832
0.0,42.23529411764706,254.23529411764707,120.8529411764706,1.0,16571.941176470587,184.7058823529412,113.55882352941177,2.0,2070.970588235294,23.705882352941178,12.941176470588236,1733764833
0.0,41.3235294117647,248.47058823529412,121.32352941176471,1.0,16570.558823529413,188.14705882352942,124.6470588235294,2.0,2071.3529411764707,22.794117647058822,14.735294117647058,1733764834
0.0,41.09375,248.78125,120.09375,1.0,16570.71875,192.34375,136.1875,2.0,2070.6875,23.3125,16.59375,1733764835
0.0,42.916666666666664,249.16666666666666,120.66666666666667,1.0,16569.277777777777,183.55555555555554,141.05555555555554,2.0,2071.1388888888887,23.25,16.666666666666668,1733764836
0.0,48.38235294117647,249.47058823529412,116.91176470588235,1.0,16570.382352941175,184.88235294117646,143.47058823529412,2.0,2070.8823529411766,23.0,16.91176470588235,1733764837
0.0,46.714285714285715,246.82142857142858,120.5,1.0,16571.85185185185,185.14814814814815,121.66666666666667,2.0,2071.1481481481483,23.666666666666668,15.074074074074074,1733764838
0.0,44.25,249.875,121.275,1.0,16568.756097560974,183.9268292682927,135.90243902439025,2.0,2071.048780487805,23.51219512195122,16.51219512195122,1733764839
0.0,39.970588235294116,248.41176470588235,119.8529411764706,1.0,16573.58823529412,187.97058823529412,140.05882352941177,2.0,2070.8823529411766,22.941176470588236,17.058823529411764,1733764840
0.0,41.714285714285715,249.21428571428572,119.67857142857143,1.0,16571.25,192.03571428571428,142.60714285714286,2.0,2070.6785714285716,23.0,16.892857142857142,1733764841
0.0,42.275,249.075,124.35,1.0,16570.225,187.125,142.6,2.0,2071.175,23.075,18.1,1733764842
0.0,39.85294117647059,248.2058823529412,118.11764705882354,1.0,16571.176470588234,185.94117647058823,172.2941176470588,2.0,2070.4411764705883,22.88235294117647,21.852941176470587,1733764843
0.0,42.588235294117645,248.52941176470588,118.91176470588235,1.0,16570.382352941175,190.6764705882353,104.1470588235294,2.0,2070.470588235294,23.264705882352942,11.588235294117647,1733764844
0.0,46.62068965517241,253.55172413793105,120.13793103448276,1.0,16569.344827586207,186.82758620689654,77.03448275862068,2.0,2070.7586206896553,22.689655172413794,9.10344827586207,1733764845
0.0,45.58974358974359,248.53846153846155,120.43589743589743,1.0,16576.48717948718,188.89743589743588,120.46153846153847,2.0,2071.051282051282,22.692307692307693,14.76923076923077,1733764846
0.0,43.23529411764706,247.41176470588235,118.6470588235294,1.0,16568.323529411766,192.47058823529412,126.1470588235294,2.0,2070.176470588235,22.764705882352942,16.147058823529413,1733764847
0.0,44.588235294117645,251.52941176470588,120.23529411764706,1.0,16574.147058823528,189.47058823529412,117.05882352941177,2.0,2070.205882352941,23.529411764705884,14.617647058823529,1733764848
0.0,43.57575757575758,248.0909090909091,118.42424242424242,1.0,16573.272727272728,183.72727272727272,127.51515151515152,2.0,2071.2727272727275,23.393939393939394,15.363636363636363,1733764849
0.0,44.48571428571429,247.9142857142857,121.05714285714286,1.0,16565.514285714286,188.65714285714284,166.34285714285716,2.0,2071.057142857143,23.257142857142856,20.457142857142856,1733764850
0.0,43.94117647058823,247.76470588235293,120.23529411764706,1.0,16566.676470588234,190.0,183.5,2.0,2070.970588235294,22.41176470588235,22.323529411764707,1733764851
0.0,38.70967741935484,247.19354838709677,122.38709677419355,1.0,16567.645161290322,192.80645161290323,133.19354838709677,2.0,2070.548387096774,23.0,16.451612903225808,1733764852
0.0,42.08108108108108,246.21621621621622,122.29729729729729,1.0,16569.54054054054,184.2972972972973,120.89189189189189,2.0,2070.4324324324325,22.513513513513512,15.243243243243244,1733764853
0.0,42.705882352941174,249.08823529411765,122.94117647058823,1.0,16571.91176470588,187.08823529411765,120.76470588235294,2.0,2071.176470588235,23.176470588235293,15.0,1733764854
0.0,44.88461538461539,246.6153846153846,120.1923076923077,1.0,16573.0,194.57692307692307,127.15384615384616,2.0,2071.4615384615386,23.23076923076923,15.615384615384615,1733764855
0.0,41.595238095238095,254.61904761904762,117.23809523809524,1.0,16573.54761904762,197.04761904761904,91.42857142857143,2.0,2070.9285714285716,23.11904761904762,10.142857142857142,1733764856
0.0,43.11764705882353,247.11764705882354,117.97058823529412,1.0,16570.058823529413,189.1764705882353,87.67647058823529,2.0,2071.235294117647,23.058823529411764,10.852941176470589,1733764857
0.0,49.6764705882353,251.6764705882353,118.52941176470588,1.0,16572.0,189.08823529411765,102.20588235294117,2.0,2071.176470588235,24.38235294117647,11.941176470588236,1733764858
0.0,44.41935483870968,250.41935483870967,121.93548387096774,1.0,16570.516129032258,187.0,81.19354838709677,2.0,2070.064516129032,23.129032258064516,9.064516129032258,1733764859
0.0,45.1578947368421,251.57894736842104,120.52631578947368,1.0,16573.945945945947,187.9189189189189,65.86486486486487,2.0,2070.972972972973,22.72972972972973,7.621621621621622,1733764860
0.0,44.88235294117647,249.1764705882353,117.76470588235294,1.0,16571.77142857143,186.82857142857142,95.42857142857143,2.0,2071.8823529411766,23.205882352941178,11.617647058823529,1733764861
0.0,42.96296296296296,241.74074074074073,119.62962962962963,1.0,16569.0,184.74074074074073,105.29629629629629,2.0,2071.214285714286,23.392857142857142,12.535714285714286,1733764862
0.0,41.78048780487805,248.9512195121951,119.34146341463415,1.0,16567.60975609756,188.53658536585365,151.2439024390244,2.0,2070.725,23.1,19.025,1733764863
0.0,41.44117647058823,248.97058823529412,119.3529411764706,1.0,16572.852941176472,188.38235294117646,111.08823529411765,2.0,2070.9714285714285,23.114285714285714,13.628571428571428,1733764864
0.0,44.38235294117647,247.6764705882353,119.76470588235294,1.0,16574.852941176472,188.02941176470588,89.17647058823529,2.0,2070.970588235294,22.735294117647058,11.558823529411764,1733764865
0.0,45.21875,253.5,117.15625,1.0,16571.78125,193.90625,98.6875,2.0,2070.9375,23.65625,11.5625,1733764866
0.0,44.75,251.30555555555554,118.80555555555556,1.0,16568.027777777777,193.27777777777777,89.80555555555556,2.0,2071.1111111111113,23.11111111111111,11.88888888888889,1733764867
0.0,43.794117647058826,246.0,119.02941176470588,1.0,16567.676470588234,185.88235294117646,101.29411764705883,2.0,2071.5588235294117,23.11764705882353,12.088235294117647,1733764868
0.0,45.11538461538461,248.46153846153845,122.23076923076923,1.0,16564.346153846152,187.23076923076923,106.53846153846153,2.0,2070.9615384615386,23.73076923076923,12.423076923076923,1733764869
0.0,44.595238095238095,250.57142857142858,119.21428571428571,1.0,16568.428571428572,189.47619047619048,104.69047619047619,2.0,2070.8333333333335,23.714285714285715,12.642857142857142,1733764870
0.0,41.73529411764706,247.64705882352942,119.17647058823529,1.0,16569.29411764706,190.97058823529412,104.32352941176471,2.0,2070.970588235294,23.38235294117647,12.5,1733764871
0.0,42.6,250.52,121.28,1.0,16567.92,185.36,94.52,2.0,2071.04,22.72,11.28,1733764872
0.0,41.906976744186046,254.90697674418604,122.25581395348837,1.0,16569.720930232557,188.30232558139534,104.3953488372093,2.0,2070.7906976744184,23.372093023255815,11.767441860465116,1733764873
0.0,43.17142857142857,251.54285714285714,120.71428571428571,1.0,16570.764705882353,187.02941176470588,96.32352941176471,2.0,2070.3823529411766,23.147058823529413,11.617647058823529,1733764874
0.0,45.44117647058823,247.7058823529412,118.76470588235294,1.0,16573.852941176472,191.11764705882354,96.38235294117646,2.0,2071.5588235294117,23.470588235294116,12.382352941176471,1733764875
0.0,45.03333333333333,254.1,120.63333333333334,1.0,16571.709677419356,185.03225806451613,94.61290322580645,2.0,2070.2580645161293,23.806451612903224,10.96774193548387,1733764876
0.0,47.76315789473684,256.13157894736844,117.65789473684211,1.0,16570.57894736842,187.3684210526316,86.57894736842105,2.0,2070.864864864865,23.027027027027028,11.756756756756756,1733764877
0.0,43.294117647058826,244.5,118.61764705882354,1.0,16568.91176470588,183.2058823529412,103.3529411764706,2.0,2070.823529411765,23.029411764705884,12.529411764705882,1733764878
0.0,37.36,255.48,114.32,1.0,16571.04,192.16,94.44,2.0,2070.3076923076924,23.076923076923077,11.923076923076923,1733764879
0.0,41.30232558139535,250.25581395348837,121.0,1.0,16571.325581395347,189.30232558139534,93.93023255813954,2.0,2071.046511627907,22.86046511627907,11.116279069767442,1733764880
0.0,46.529411764705884,250.3235294117647,118.17647058823529,1.0,16575.91176470588,191.14705882352942,95.6470588235294,2.0,2071.0588235294117,22.558823529411764,11.647058823529411,1733764881
0.0,40.32,259.08,118.0,1.0,16578.6,187.36,93.24,2.0,2071.04,23.24,11.2,1733764882
0.0,45.55813953488372,254.04651162790697,121.69767441860465,1.0,16572.116279069767,186.7674418604651,97.32558139534883,2.0,2071.279069767442,22.906976744186046,11.69767441860465,1733764883
0.0,44.294117647058826,253.08823529411765,119.44117647058823,1.0,16574.323529411766,187.02941176470588,87.23529411764706,2.0,2071.5,22.705882352941178,10.941176470588236,1733764884
0.0,42.294117647058826,248.7941176470588,121.73529411764706,1.0,16573.41176470588,185.6764705882353,90.26470588235294,2.0,2070.9117647058824,23.176470588235293,11.029411764705882,1733764885
0.0,44.78125,251.1875,119.46875,1.0,16576.15625,186.25,92.84375,2.0,2070.84375,22.3125,10.875,1733764886
0.0,46.166666666666664,251.19444444444446,120.77777777777777,1.0,16571.777777777777,189.08333333333334,104.63888888888889,2.0,2070.8055555555557,23.0,11.194444444444445,1733764887
0.0,43.76470588235294,251.73529411764707,118.76470588235294,1.0,16571.735294117647,188.05882352941177,80.73529411764706,2.0,2070.823529411765,22.558823529411764,10.088235294117647,1733764888
0.0,42.689655172413794,248.6206896551724,120.51724137931035,1.0,16570.137931034482,187.89655172413794,80.34482758620689,2.0,2071.2413793103447,22.96551724137931,9.517241379310345,1733764889
0.0,44.325,253.7,119.35,1.0,16571.8,189.625,91.525,2.0,2070.846153846154,23.23076923076923,10.846153846153847,1733764890
0.0,43.411764705882355,247.52941176470588,120.38235294117646,1.0,16571.20588235294,189.02941176470588,87.38235294117646,2.0,2071.264705882353,23.0,10.794117647058824,1733764891
0.0,40.0,248.16,119.8,1.0,16571.72,185.72,97.16,2.0,2071.1153846153848,23.423076923076923,12.5,1733764892
0.0,43.55813953488372,249.93023255813952,120.62790697674419,1.0,16571.0,187.04651162790697,99.04651162790698,2.0,2071.3720930232557,23.11627906976744,11.69767441860465,1733764893
0.0,44.94117647058823,247.02941176470588,123.55882352941177,1.0,16571.735294117647,185.2941176470588,96.82352941176471,2.0,2071.1176470588234,23.470588235294116,11.529411764705882,1733764894
0.0,46.911764705882355,249.6764705882353,120.11764705882354,1.0,16571.882352941175,183.1764705882353,127.79411764705883,2.0,2070.794117647059,22.676470588235293,16.147058823529413,1733764895
0.0,45.166666666666664,251.26666666666668,116.56666666666666,1.0,16566.333333333332,189.7,100.0,2.0,2070.9,22.766666666666666,12.466666666666667,1733764896
0.0,42.23684210526316,254.94736842105263,122.13157894736842,1.0,16567.28947368421,191.5,82.71052631578948,2.0,2071.1315789473683,23.763157894736842,10.026315789473685,1733764897
0.0,44.205882352941174,247.73529411764707,116.73529411764706,1.0,16569.647058823528,184.2941176470588,67.1470588235294,2.0,2071.4411764705883,23.323529411764707,7.323529411764706,1733764898
0.0,44.25925925925926,256.3333333333333,121.4074074074074,1.0,16571.62962962963,186.03703703703704,90.03703703703704,2.0,2071.3333333333335,23.22222222222222,10.555555555555555,1733764899
0.0,42.68292682926829,254.9512195121951,119.04878048780488,1.0,16571.780487804877,186.14634146341464,97.6829268292683,2.0,2071.0243902439024,22.951219512195124,12.097560975609756,1733764900
0.0,44.85294117647059,248.47058823529412,120.91176470588235,1.0,16569.029411764706,188.0,133.3235294117647,2.0,2070.9117647058824,23.705882352941178,16.676470588235293,1733764901
0.0,42.36,254.52,119.8,1.0,16567.16,187.08,126.4,2.0,2070.72,23.8,15.56,1733764902
0.0,43.18181818181818,251.79545454545453,119.3409090909091,1.0,16575.39534883721,190.7906976744186,40.69767441860465,2.0,2071.0232558139537,23.302325581395348,4.651162790697675,1733764903
0.0,41.61764705882353,250.73529411764707,119.47058823529412,1.0,16571.8,186.85714285714286,76.08571428571429,2.0,2070.529411764706,22.823529411764707,8.588235294117647,1733764904
0.0,41.1764705882353,252.08823529411765,119.17647058823529,1.0,16568.941176470587,188.26470588235293,86.52941176470588,2.0,2071.6285714285714,23.4,10.085714285714285,1733764905
0.0,44.03333333333333,250.13333333333333,116.4,1.0,16569.166666666668,187.96666666666667,88.7,2.0,2071.2413793103447,23.24137931034483,9.517241379310345,1733764906
0.0,43.86842105263158,249.07894736842104,119.73684210526316,1.0,16572.28947368421,186.1315789473684,87.26315789473684,2.0,2070.923076923077,22.94871794871795,10.820512820512821,1733764907
0.0,44.705882352941174,246.44117647058823,120.6470588235294,1.0,16570.352941176472,184.38235294117646,82.8529411764706,2.0,2071.0882352941176,23.323529411764707,11.323529411764707,1733764908
0.0,43.5,252.30769230769232,117.11538461538461,1.0,16577.076923076922,184.6153846153846,87.23076923076923,2.0,2071.44,22.56,10.52,1733764909
0.0,46.476190476190474,250.1904761904762,118.21428571428571,1.0,16574.428571428572,186.52380952380952,81.97619047619048,2.0,2071.1162790697676,23.186046511627907,9.372093023255815,1733764910
0.0,42.26470588235294,251.41176470588235,121.32352941176471,1.0,16576.264705882353,186.47058823529412,81.58823529411765,2.0,2070.823529411765,22.735294117647058,10.294117647058824,1733764911
0.0,42.31428571428572,252.77142857142857,120.25714285714285,1.0,16572.91176470588,186.85294117647058,84.32352941176471,2.0,2070.8529411764707,22.941176470588236,9.852941176470589,1733764912
0.0,43.5625,251.28125,120.46875,1.0,16571.090909090908,185.1818181818182,83.33333333333333,2.0,2071.060606060606,22.757575757575758,10.0,1733764913
0.0,45.111111111111114,246.75,117.97222222222223,1.0,16575.472222222223,190.11111111111111,83.80555555555556,2.0,2070.714285714286,22.571428571428573,9.857142857142858,1733764914
0.0,42.11764705882353,249.52941176470588,117.79411764705883,1.0,16569.70588235294,186.7058823529412,90.17647058823529,2.0,2070.5714285714284,23.2,10.17142857142857,1733764915
0.0,46.392857142857146,253.67857142857142,117.64285714285714,1.0,16571.0,186.64285714285714,63.07142857142857,2.0,2070.964285714286,23.107142857142858,7.678571428571429,1733764916
0.0,44.85,250.9,116.25,1.0,16576.625,186.3,99.875,2.0,2071.3,22.425,12.3,1733764917
0.0,42.029411764705884,251.5,118.88235294117646,1.0,16573.617647058825,189.08823529411765,88.32352941176471,2.0,2070.9411764705883,22.88235294117647,10.205882352941176,1733764918
0.0,43.38235294117647,254.44117647058823,120.29411764705883,1.0,16573.0,186.2941176470588,90.41176470588235,2.0,2071.029411764706,22.764705882352942,10.970588235294118,1733764919
0.0,40.24242424242424,250.12121212121212,117.96969696969697,1.0,16571.515151515152,189.45454545454547,31.78787878787879,2.0,2071.3939393939395,22.545454545454547,3.757575757575758,1733764920
0.0,42.02777777777778,250.5,118.36111111111111,1.0,16571.0,188.54285714285714,45.371428571428574,2.0,2071.5714285714284,22.571428571428573,5.8,1733764921
0.0,42.411764705882355,252.5,117.3529411764706,1.0,16572.057142857142,189.2,38.31428571428572,2.0,2070.885714285714,22.942857142857143,3.942857142857143,1733764922
0.0,40.13793103448276,256.2758620689655,119.10344827586206,1.0,16572.344827586207,188.48275862068965,44.86206896551724,2.0,2070.5862068965516,22.82758620689655,5.482758620689655,1733764923
0.0,45.8974358974359,250.02564102564102,117.1025641025641,1.0,16571.30769230769,189.4102564102564,53.64102564102564,2.0,2071.3333333333335,23.256410256410255,5.846153846153846,1733764924
0.0,42.73529411764706,242.41176470588235,117.82352941176471,1.0,16569.91176470588,182.97058823529412,57.0,2.0,2071.029411764706,23.0,6.970588235294118,1733764925
0.0,36.88,251.16,118.04,1.0,16573.28,184.44,61.84,2.0,2071.2,22.92,6.08,1733764926
0.0,42.97727272727273,248.75,117.79545454545455,1.0,16574.06818181818,188.27272727272728,57.95454545454545,2.0,2070.6744186046512,22.86046511627907,7.162790697674419,1733764927
0.0,41.3235294117647,252.2058823529412,118.05882352941177,1.0,16572.941176470587,187.26470588235293,53.64705882352941,2.0,2070.9714285714285,23.37142857142857,6.771428571428571,1733764928
0.0,43.94117647058823,251.3235294117647,123.17647058823529,1.0,16571.79411764706,191.8235294117647,55.970588235294116,2.0,2070.8529411764707,22.823529411764707,6.470588235294118,1733764929
0.0,42.29032258064516,247.70967741935485,120.7741935483871,1.0,16572.83870967742,187.4516129032258,57.483870967741936,2.0,2071.366666666667,23.233333333333334,6.7,1733764930
0.0,41.21621621621622,249.78378378378378,118.02702702702703,1.0,16571.81081081081,185.0810810810811,58.945945945945944,2.0,2070.657894736842,22.81578947368421,7.052631578947368,1733764931
0.0,43.285714285714285,253.31428571428572,121.11428571428571,1.0,16567.882352941175,189.3235294117647,56.73529411764706,2.0,2071.3823529411766,22.764705882352942,6.5588235294117645,1733764932
0.0,43.666666666666664,251.2962962962963,117.77777777777777,1.0,16570.14285714286,188.25,55.92857142857143,2.0,2070.3214285714284,23.357142857142858,6.392857142857143,1733764933
0.0,44.390243902439025,249.78048780487805,118.04878048780488,1.0,16572.634146341465,189.7560975609756,56.073170731707314,2.0,2070.3658536585367,22.658536585365855,6.926829268292683,1733764934
0.0,42.705882352941174,246.88235294117646,118.47058823529412,1.0,16571.70588235294,184.76470588235293,58.970588235294116,2.0,2071.705882352941,22.852941176470587,7.323529411764706,1733764935
0.0,44.61538461538461,256.65384615384613,119.15384615384616,1.0,16555.30769230769,196.6153846153846,55.34615384615385,2.0,2070.0384615384614,24.307692307692307,6.346153846153846,1733764936
0.0,42.69047619047619,248.54761904761904,118.88095238095238,1.0,16564.428571428572,188.97619047619048,72.4047619047619,2.0,2069.904761904762,23.214285714285715,8.119047619047619,1733764937
0.0,45.714285714285715,250.4857142857143,119.31428571428572,1.0,16572.41176470588,191.58823529411765,61.05882352941177,2.0,2070.0,22.852941176470587,6.588235294117647,1733764938
0.0,40.588235294117645,252.2941176470588,118.11764705882354,1.0,16570.114285714284,190.05714285714285,57.91428571428571,2.0,2070.970588235294,23.441176470588236,7.529411764705882,1733764939
0.0,36.36666666666667,243.63333333333333,120.46666666666667,1.0,16573.133333333335,187.76666666666668,53.9,2.0,2070.8387096774195,23.225806451612904,5.709677419354839,1733764940
0.0,44.13157894736842,251.89473684210526,118.5,1.0,16570.236842105263,189.78947368421052,55.8421052631579,2.0,2071.7368421052633,23.289473684210527,6.605263157894737,1733764941
0.0,47.0,254.85294117647058,120.23529411764706,1.0,16570.647058823528,186.2941176470588,51.705882352941174,2.0,2070.705882352941,22.735294117647058,6.764705882352941,1733764942
0.0,38.24,255.28,120.76,1.0,16574.8,187.76,46.8,2.0,2070.8,23.4,5.32,1733764943
0.0,41.93181818181818,255.77272727272728,118.68181818181819,1.0,16571.613636363636,183.25,50.61363636363637,2.0,2071.093023255814,22.930232558139537,5.255813953488372,1733764944
0.0,40.55882352941177,252.0,121.05882352941177,1.0,16571.352941176472,190.94117647058823,99.0,2.0,2070.764705882353,23.38235294117647,12.205882352941176,1733764945
0.0,45.193548387096776,252.3548387096774,117.51612903225806,1.0,16573.566666666666,187.53333333333333,26.433333333333334,2.0,2070.3225806451615,22.0,3.3225806451612905,1733764946
0.0,40.25,252.30555555555554,119.61111111111111,1.0,16572.756756756757,186.9189189189189,43.78378378378378,2.0,2070.945945945946,23.27027027027027,4.216216216216216,1733764947
0.0,41.97142857142857,253.0857142857143,118.48571428571428,1.0,16573.714285714286,191.8,50.857142857142854,2.0,2070.4,22.542857142857144,5.857142857142857,1733764948
0.0,46.029411764705884,248.41176470588235,120.70588235294117,1.0,16570.352941176472,190.38235294117646,48.294117647058826,2.0,2070.9117647058824,22.705882352941178,5.911764705882353,1733764949
0.0,41.96551724137931,252.41379310344828,116.96551724137932,1.0,16574.068965517243,188.41379310344828,48.10344827586207,2.0,2071.4827586206898,23.310344827586206,6.586206896551724,1733764950
0.0,45.825,253.375,118.675,1.0,16573.325,189.475,48.975,2.0,2071.175,22.5,5.75,1733764951
0.0,43.94117647058823,252.1764705882353,121.1470588235294,1.0,16569.264705882353,185.35294117647058,46.73529411764706,2.0,2071.764705882353,22.705882352941178,5.5588235294117645,1733764952
0.0,44.96296296296296,251.85185185185185,119.92592592592592,1.0,16574.777777777777,187.55555555555554,46.333333333333336,2.0,2070.962962962963,22.88888888888889,5.62962962962963,1733764953
0.0,44.951219512195124,251.2439024390244,120.63414634146342,1.0,16570.29268292683,190.02439024390245,49.19512195121951,2.0,2071.1463414634145,22.902439024390244,5.2926829268292686,1733764954
0.0,42.6,254.0857142857143,118.05714285714286,1.0,16573.264705882353,194.64705882352942,55.6764705882353,2.0,2071.0882352941176,22.970588235294116,6.176470588235294,1733764955
0.0,39.56,248.36,117.96,1.0,16576.04,183.12,51.16,2.0,2071.16,22.36,5.44,1733764956
0.0,43.55813953488372,246.30232558139534,119.76744186046511,1.0,16572.659090909092,184.8409090909091,49.31818181818182,2.0,2070.681818181818,22.431818181818183,6.295454545454546,1733764957
0.0,40.88235294117647,251.88235294117646,118.61764705882354,1.0,16571.235294117647,184.2058823529412,46.55882352941177,2.0,2070.970588235294,23.058823529411764,5.794117647058823,1733764958
0.0,46.6764705882353,253.97058823529412,118.8529411764706,1.0,16571.764705882353,186.05882352941177,47.26470588235294,2.0,2070.676470588235,22.647058823529413,5.5588235294117645,1733764959
0.0,42.25,254.40625,121.03125,1.0,16575.34375,187.125,48.8125,2.0,2071.4375,23.15625,5.375,1733764960
0.0,40.729729729729726,253.40540540540542,118.35135135135135,1.0,16570.72972972973,189.3783783783784,45.13513513513514,2.0,2071.5833333333335,23.694444444444443,5.25,1733764961
0.0,39.1764705882353,253.5,121.17647058823529,1.0,16576.441176470587,180.6764705882353,46.911764705882355,2.0,2070.8571428571427,22.65714285714286,5.457142857142857,1733764962
0.0,42.69230769230769,249.84615384615384,120.46153846153847,1.0,16570.153846153848,184.3846153846154,48.38461538461539,2.0,2070.846153846154,23.03846153846154,5.346153846153846,1733764963
0.0,42.38095238095238,249.1904761904762,119.35714285714286,1.0,16570.404761904763,188.45238095238096,47.785714285714285,2.0,2071.4285714285716,22.904761904761905,5.119047619047619,1733764964
0.0,40.8235294117647,254.76470588235293,119.97058823529412,1.0,16569.529411764706,186.1764705882353,43.205882352941174,2.0,2071.676470588235,22.852941176470587,4.647058823529412,1733764965
0.0,40.25925925925926,255.22222222222223,120.55555555555556,1.0,16573.296296296296,183.74074074074073,46.629629629629626,2.0,2070.925925925926,22.37037037037037,4.777777777777778,1733764966
0.0,41.285714285714285,251.35714285714286,117.83333333333333,1.0,16569.785714285714,182.23809523809524,42.214285714285715,2.0,2070.6666666666665,22.928571428571427,4.809523809523809,1733764967
0.0,42.294117647058826,247.7058823529412,119.11764705882354,1.0,16573.58823529412,191.91176470588235,43.1764705882353,2.0,2071.4411764705883,22.764705882352942,5.0,1733764968
0.0,42.588235294117645,253.6764705882353,118.76470588235294,1.0,16572.970588235294,188.11764705882354,45.705882352941174,2.0,2070.794117647059,22.764705882352942,4.411764705882353,1733764969
0.0,42.38709677419355,252.80645161290323,120.12903225806451,1.0,16570.322580645163,189.32258064516128,38.45161290322581,2.0,2071.6451612903224,22.677419354838708,4.0,1733764970
0.0,41.10526315789474,252.94736842105263,118.86842105263158,1.0,16576.054054054053,189.43243243243242,40.13513513513514,2.0,2071.162162162162,23.0,4.378378378378378,1733764971
0.0,46.794117647058826,253.38235294117646,119.67647058823529,1.0,16571.542857142857,182.31428571428572,33.25714285714286,2.0,2070.8285714285716,22.542857142857144,3.657142857142857,1733764972
0.0,41.84,257.16,120.32,1.0,16577.04,189.12,31.52,2.0,2072.0416666666665,22.875,4.208333333333333,1733764973
0.0,42.04651162790697,249.86046511627907,116.23255813953489,1.0,16576.25581395349,184.27906976744185,41.95348837209303,2.0,2070.9545454545455,22.386363636363637,3.772727272727273,1733764974
0.0,43.542857142857144,251.68571428571428,121.4,1.0,16574.70588235294,186.7941176470588,40.38235294117647,2.0,2070.5,22.58823529411765,4.617647058823529,1733764975
0.0,42.111111111111114,254.25925925925927,119.51851851851852,1.0,16575.962962962964,186.33333333333334,25.48148148148148,2.0,2071.8888888888887,22.37037037037037,4.2592592592592595,1733764976
0.0,41.53658536585366,251.9512195121951,121.48780487804878,1.0,16575.404761904763,188.85714285714286,35.11904761904762,2.0,2071.6190476190477,22.785714285714285,3.7857142857142856,1733764977
0.0,43.911764705882355,250.6764705882353,118.26470588235294,1.0,16568.29411764706,187.5,38.3235294117647,2.0,2071.294117647059,22.91176470588235,4.323529411764706,1733764978
0.0,40.470588235294116,246.73529411764707,117.5,1.0,16571.941176470587,184.64705882352942,40.470588235294116,2.0,2070.970588235294,22.558823529411764,3.823529411764706,1733764979
0.0,42.935483870967744,254.09677419354838,118.74193548387096,1.0,16575.064516129034,185.09677419354838,36.96774193548387,2.0,2070.6774193548385,23.129032258064516,3.4516129032258065,1733764980
0.0,46.026315789473685,252.68421052631578,120.07894736842105,1.0,16568.27027027027,184.56756756756758,32.78378378378378,2.0,2071.162162162162,22.054054054054053,3.4594594594594597,1733764981
0.0,45.205882352941174,249.23529411764707,117.05882352941177,1.0,16574.0,186.74285714285713,31.97142857142857,2.0,2070.942857142857,23.17142857142857,3.057142857142857,1733764982
0.0,40.96153846153846,251.42307692307693,118.0,1.0,16576.423076923078,186.03846153846155,35.11538461538461,2.0,2072.3076923076924,22.96153846153846,4.038461538461538,1733764983
0.0,40.61904761904762,254.45238095238096,121.16666666666667,1.0,16574.071428571428,186.45238095238096,28.404761904761905,2.0,2071.595238095238,22.928571428571427,3.1904761904761907,1733764984
0.0,44.0,250.94285714285715,118.2,1.0,16572.323529411766,186.02941176470588,26.58823529411765,2.0,2070.9117647058824,22.941176470588236,3.3823529411764706,1733764985
0.0,45.3235294117647,247.02941176470588,120.91176470588235,1.0,16576.085714285713,188.97142857142856,26.228571428571428,2.0,2070.9411764705883,21.91176470588235,2.411764705882353,1733764986
0.0,38.5625,255.8125,118.875,1.0,16575.375,179.78125,22.5625,2.0,2071.060606060606,22.939393939393938,3.272727272727273,1733764987
0.0,42.19444444444444,257.3611111111111,118.83333333333333,1.0,16569.305555555555,189.5,22.0,2.0,2070.6388888888887,22.166666666666668,1.9722222222222223,1733764988
0.0,42.85294117647059,256.0882352941176,115.1470588235294,1.0,16572.941176470587,183.64705882352942,14.911764705882353,2.0,2070.8529411764707,22.88235294117647,1.7647058823529411,1733764989
0.0,42.07142857142857,255.17857142857142,119.0,1.0,16571.464285714286,186.85714285714286,25.392857142857142,2.0,2071.037037037037,22.59259259259259,3.1481481481481484,1733764990
0.0,42.390243902439025,249.82926829268294,119.26829268292683,1.0,16573.073170731706,189.0,33.926829268292686,2.0,2071.682926829268,23.195121951219512,3.3658536585365852,1733764991
0.0,42.529411764705884,248.41176470588235,120.38235294117646,1.0,16573.823529411766,187.11764705882354,27.294117647058822,2.0,2071.1714285714284,22.8,3.4857142857142858,1733764992
0.0,44.407407407407405,247.33333333333334,120.44444444444444,1.0,16579.48148148148,190.11111111111111,26.11111111111111,2.0,2071.0384615384614,23.26923076923077,3.0384615384615383,1733764993
0.0,41.048780487804876,252.65853658536585,117.1219512195122,1.0,16571.29268292683,187.02439024390245,22.536585365853657,2.0,2071.3571428571427,22.761904761904763,2.7142857142857144,1733764994
0.0,41.294117647058826,248.8235294117647,117.05882352941177,1.0,16571.676470588234,188.88235294117646,0.0,2.0,2070.9411764705883,22.941176470588236,-0.6470588235294118,1733764995
0.0,40.85294117647059,247.88235294117646,119.05882352941177,1.0,16573.79411764706,188.11764705882354,15.941176470588236,2.0,2071.0588235294117,23.08823529411765,0.14705882352941177,1733764996
0.0,45.166666666666664,254.76666666666668,119.26666666666667,1.0,16576.766666666666,185.73333333333332,16.3,2.0,2071.2,22.933333333333334,0.43333333333333335,1733764997
0.0,45.53846153846154,252.66666666666666,118.84615384615384,1.0,16572.102564102563,180.10256410256412,18.666666666666668,2.0,2071.2820512820513,22.692307692307693,1.9230769230769231,1733764998
0.0,45.23529411764706,250.55882352941177,118.3529411764706,1.0,16573.08823529412,188.08823529411765,7.4411764705882355,2.0,2071.029411764706,23.441176470588236,1.088235294117647,1733764999
0.0,40.0,253.53846153846155,116.88461538461539,1.0,16574.53846153846,189.46153846153845,20.73076923076923,2.0,2070.48,23.04,2.68,1733765000
0.0,40.45238095238095,251.78571428571428,119.83333333333333,1.0,16573.45238095238,188.6904761904762,30.642857142857142,2.0,2071.279069767442,22.46511627906977,4.116279069767442,1733765001
0.0,42.34285714285714,254.82857142857142,121.6,1.0,16577.264705882353,186.6764705882353,29.470588235294116,2.0,2070.6470588235293,22.88235294117647,3.3823529411764706,1733765002
0.0,44.55,255.6,122.2,1.0,16572.2,186.75,42.6,2.0,2071.05,21.65,4.8,1733765003
0.0,44.51063829787234,248.59574468085106,118.7872340425532,1.0,16574.36,190.26,38.42,2.0,2070.8541666666665,22.5,4.375,1733765004
0.0,44.205882352941174,251.52941176470588,117.11764705882354,1.0,16570.147058823528,184.44117647058823,26.764705882352942,2.0,2070.5882352941176,22.852941176470587,2.8529411764705883,1733765005
0.0,41.088235294117645,262.3529411764706,120.61764705882354,1.0,16576.117647058825,187.35294117647058,18.676470588235293,2.0,2071.4117647058824,22.794117647058822,2.3529411764705883,1733765006
0.0,42.65714285714286,255.31428571428572,121.2,1.0,16577.352941176472,186.5,19.5,2.0,2071.323529411765,22.264705882352942,1.911764705882353,1733765007
0.0,39.911764705882355,252.14705882352942,120.3529411764706,1.0,16564.264705882353,181.55882352941177,541.3235294117648,2.0,2069.8823529411766,21.352941176470587,67.6470588235294,1733765008
0.0,44.666666666666664,259.3333333333333,118.66666666666667,1.0,16572.0,181.25,583.0,2.0,2070.75,21.0,71.5,1733765009
